game_id,category,release_year,price_usd,copies_sold,positive_review_rate,playtime_hours
GAME_001,RPG,2023,29.99,566445,0.7023500169703338,27.345632019290413
GAME_002,Indie,2023,19.99,580205,0.8375952970949126,32.2766506026967
GAME_003,Simulation,2025,9.99,224810,0.8123190533649336,44.23664894658346
GAME_004,Strategy,2023,29.99,97646,0.6375045257222185,27.16376599290769
GAME_005,Action,2022,29.99,346266,0.528633633421511,15.774959943836265
GAME_006,Action,2024,0.0,491025,0.7805819589839044,25.213290092957386
GAME_007,Action,2025,49.99,481703,0.6488053213864363,39.24510260539971
GAME_008,Indie,2024,29.99,344054,0.47804296456394496,38.12124324860346
GAME_009,Strategy,2024,49.99,268552,0.9313376577294675,36.22367577136281
GAME_010,Simulation,2021,29.99,60379,0.8078208959896961,22.503519322054757
GAME_011,Action,2024,19.99,26053,0.803078475302834,39.02283141639238
GAME_012,Indie,2025,19.99,403662,0.8853244867878876,41.722788936444786
GAME_013,Simulation,2022,49.99,25000000,0.7125003904064978,21.65494044132029
GAME_014,Action,2024,49.99,99723,0.8808821127574498,29.501158829489704
GAME_015,Action,2025,0.0,576644,0.6938735445714934,54.244823564185346
GAME_016,Action,2024,0.0,273933,0.43963348595026897,21.121508682439348
GAME_017,RPG,2024,9.99,33154,0.6390963719363364,9.538959969075304
GAME_018,RPG,2024,29.99,214942,0.6935042874481354,46.594853213577586
GAME_019,RPG,2023,59.99,265480,0.8249195231630545,43.63925726045473
GAME_020,Action,2023,0.0,366821,0.4628814507759179,24.5163921170709
GAME_021,Strategy,2025,19.99,282173,0.4826109378096649,28.644098617582962
GAME_022,Action,2025,9.99,33265,0.5555734435544237,15.300779397732573
GAME_023,Action,2025,59.99,366060,0.5572340520888205,31.067427271316426
GAME_024,RPG,2025,29.99,244322,0.8319889012908468,43.990964584456805
GAME_025,RPG,2024,29.99,175944,0.5479310897313427,23.488741898900663
GAME_026,Simulation,2024,19.99,571485,0.7735278573808941,40.52522374543551
GAME_027,Action,2024,19.99,449396,0.6916215715815801,35.56468628868518
GAME_028,RPG,2024,9.99,155782,0.7382436831258463,36.93380269057367
GAME_029,Strategy,2024,0.0,685846,0.8944831082751945,24.18828983296358
GAME_030,Action,2024,49.99,72907,0.6385850859139244,25.744509804798067
GAME_031,Strategy,2025,29.99,203967,0.8548377124679196,7.838730786343181
GAME_032,Action,2023,59.99,303775,0.6490012751349056,23.199967049878733
GAME_033,Action,2023,59.99,392182,0.6087841121711371,43.96182549637511
GAME_034,Indie,2021,19.99,757892,0.9655900346148001,18.848013670772715
GAME_035,Indie,2024,29.99,283247,0.5087788432005883,20.63638015371714
GAME_036,Simulation,2021,49.99,65772,0.45329880674078865,37.68227788448549
GAME_037,RPG,2023,29.99,127108,0.8548816960659323,34.83321950391712
GAME_038,Action,2024,9.99,15382,0.44026732615891406,38.27835899755561
GAME_039,Strategy,2023,19.99,85291,0.8938766045147873,16.04135351891515
GAME_040,RPG,2024,0.0,364339,0.6579441038507736,60.768695391604155
GAME_041,Action,2021,59.99,660116,0.9401530696022292,15.410959509992995
GAME_042,RPG,2021,19.99,283753,0.8257043880619244,31.850967764808818
GAME_043,Action,2025,9.99,148550,0.760138753534695,28.096134049576964
GAME_044,Indie,2023,29.99,233050,0.9600910102640817,15.76030179161943
GAME_045,Action,2022,19.99,433882,0.634023130100712,25.557486926241
GAME_046,Strategy,2024,299.99,338827,0.9629112925583835,30.279691210630435
GAME_047,RPG,2024,0.0,493313,0.4796507536785121,22.20032145763836
GAME_048,RPG,2022,29.99,387858,0.6854154157401235,
GAME_049,RPG,2024,19.99,655618,0.559247621211395,28.060491054450345
GAME_050,Action,2021,29.99,596603,0.7185072395558341,13.904703947780561
GAME_051,Indie,2021,19.99,389349,0.49558818795603493,12.886493607968436
GAME_052,Simulation,2024,49.99,15153,0.8965024995829256,37.273981087337475
GAME_053,Indie,2024,19.99,601613,0.8993806310955887,
GAME_054,Indie,2024,19.99,241773,,33.797112876589004
GAME_055,Strategy,2024,49.99,56318,0.4912565631211094,35.335862228003506
GAME_056,Indie,2025,19.99,395030,0.7677662050339445,18.055735632911798
GAME_057,Action,2024,0.0,378177,0.6798000121332181,40.688857005298686
GAME_058,Action,2023,0.0,77077,0.6031864019060976,9.386476514860412
GAME_059,Action,2024,29.99,134515,0.6074086950691892,33.5575072079827
GAME_060,RPG,2023,19.99,207988,0.6435481948579839,29.509704796847895
GAME_061,RPG,2023,29.99,126885,0.8159060743164823,28.572024291229276
GAME_062,Action,2021,9.99,542656,0.7529887743782112,15.865240284233128
GAME_063,Simulation,2021,0.0,671688,0.6712120925290674,18.75573594720089
GAME_064,RPG,2025,0.0,189014,0.44480071211807704,49.42562430024718
GAME_065,Action,2025,9.99,92751,0.4458815530065847,44.58186010646104
GAME_066,RPG,2024,19.99,231203,0.40138024046920917,38.905015062285585
GAME_067,Action,2023,9.99,696275,0.970942639042181,41.27817724235625
GAME_068,Simulation,2022,19.99,212951,0.4030997529494471,40.15216253605523
GAME_069,Action,2022,49.99,506155,0.4608253101481095,26.119725452565497
GAME_070,Indie,2023,9.99,196716,0.5856119685175525,30.571242621772218
GAME_071,Simulation,2024,19.99,585567,0.8763838485718891,12.329899463507893
GAME_072,Action,2024,29.99,316172,0.9676382836008294,28.923652478309688
GAME_073,Action,2024,9.99,1126,0.8661079996871951,44.20097099447024
GAME_074,Simulation,2023,19.99,28632,0.807430537142928,
GAME_075,Simulation,2025,49.99,501315,0.7075673937740059,42.27769445624672
GAME_076,Simulation,2024,49.99,721670,0.4511560749986884,31.099028864325156
GAME_077,Simulation,2024,0.0,110945,0.9653207678723189,13.375537611963214
GAME_078,Action,2024,49.99,318320,0.8474515242279521,16.71216583984426
GAME_079,RPG,2023,19.99,251869,0.7769801373472145,41.031634436493064
GAME_080,Action,2022,9.99,742426,0.8478311488679213,36.630289023100616
GAME_081,Indie,2023,19.99,499716,0.8272209642711518,31.221168875851504
GAME_082,Strategy,2024,59.99,176399,0.7759666320757972,26.71161822902465
GAME_083,RPG,2021,19.99,463120,0.978540312106193,32.526815731543024
GAME_084,Action,2022,9.99,135869,0.9329846494552547,40.563554991038984
GAME_085,RPG,2021,19.99,179954,0.7815323022791264,47.710239365847414
GAME_086,RPG,2021,9.99,670078,0.8089733747595855,48.28421039328725
GAME_087,Simulation,2025,0.0,35560,0.43044152592863894,34.46351880910198
GAME_088,Strategy,2024,0.0,285260,0.795251304084523,27.936819715625752
GAME_089,Indie,2023,0.0,133717,0.4260576082489591,31.754976093826265
GAME_090,RPG,2021,0.0,179595,0.7470756166122593,36.26544428706096
GAME_091,Action,2023,0.0,649373,0.9896185647438426,36.2168033261411
GAME_092,Simulation,2023,19.99,380862,0.727925883047936,45.69583964568126
GAME_093,Simulation,2022,0.0,495592,0.6791939696679867,55.38906866299986
GAME_094,Strategy,2023,9.99,101158,,27.53694444463096
GAME_095,Simulation,2023,49.99,709533,0.47110832148401405,55.87061890589355
GAME_096,RPG,2024,19.99,169502,0.8313039661603862,44.06687096110072
GAME_097,RPG,2024,29.99,433498,0.5136334263935219,28.790124117777506
GAME_098,RPG,2021,0.0,331388,0.4680163925358978,47.98277806638096
GAME_099,Action,2023,0.0,668054,0.6488399692410024,50.22777961702998
GAME_100,Action,2024,0.0,319408,0.8692516843958675,24.47645466967384
GAME_101,Action,2024,0.0,469276,0.83958808339093,50.786583029827774
GAME_102,Strategy,2025,9.99,58545,0.43238074264142023,
GAME_103,RPG,2024,0.0,512411,0.6685347741713321,58.4227095357503
GAME_104,RPG,2022,0.0,14224,0.7082363998819896,24.91153701600601
GAME_105,Indie,2021,0.0,41738,0.780282523869235,25.758879075168046
GAME_106,Action,2024,19.99,181760,0.7835987367615046,5.680054443079918
GAME_107,RPG,2021,9.99,764978,0.6151713771798104,36.85432704681555
GAME_108,Simulation,2024,9.99,467725,0.7307995444620733,34.50301506742462
GAME_109,Action,2025,19.99,664937,0.683826511468011,23.244075941572
GAME_110,Action,2024,29.99,533358,0.9221490303487359,29.017791222143302
GAME_111,Action,2023,0.0,127161,0.7128564282545911,14.265347877898618
GAME_112,Action,2024,29.99,533954,0.6602089754314153,44.38133943398023
GAME_113,Indie,2023,19.99,299512,0.6386464153122919,24.123606305660278
GAME_114,Simulation,2024,0.0,663143,0.7377323780657448,67.12858818745141
GAME_115,Strategy,2025,49.99,567202,0.8743464178465297,27.892784391467607
GAME_116,Indie,2023,49.99,202579,0.7176568793246647,20.884573907420283
GAME_117,Simulation,2025,0.0,653026,0.7903765532975195,25.05224257518166
GAME_118,Action,2025,9.99,772253,0.8353349024748498,13.056468281468984
GAME_119,Indie,2022,29.99,505471,0.7068991848284518,35.787262688435305
GAME_120,RPG,2021,29.99,330670,0.6518220634263701,24.961203602650535
GAME_121,Simulation,2022,0.0,219967,0.9172325729388452,43.57503348477285
GAME_122,Indie,2021,9.99,384152,0.6463285895764563,26.70303005790699
GAME_123,RPG,2021,9.99,95270,0.6725462818395966,46.61330534022776
GAME_124,Action,2024,19.99,792189,0.9843013748716485,39.089468991804495
GAME_125,Action,2021,19.99,544385,0.4001401389097719,30.34316132062013
GAME_126,RPG,2023,9.99,666755,0.5094290166502663,48.96279104820986
GAME_127,Simulation,2025,19.99,148313,0.6265386950526382,41.42752153244651
GAME_128,Indie,2021,29.99,159768,0.9502280465608992,65.3545539199587
GAME_129,Action,2025,0.0,247726,0.4413175263910079,25.086537060261545
GAME_130,RPG,2023,9.99,571451,0.4055964058408139,30.919393265501526
GAME_131,RPG,2022,29.99,20816,0.4310834632265649,48.82450813213116
GAME_132,Action,2024,49.99,758907,0.4522406122620347,11.477546257978652
GAME_133,Action,2024,19.99,315997,0.42218209619169395,45.80332275879074
GAME_134,RPG,2025,19.99,156989,,35.27163309217765
GAME_135,Indie,2024,0.0,622019,0.7426467522641234,19.341470934633026
GAME_136,RPG,2025,19.99,677926,0.5602953129307124,13.643524097386543
GAME_137,RPG,2023,19.99,207524,0.634989556545625,21.930126322436593
GAME_138,Simulation,2022,9.99,588111,0.4541026077157438,2.582165132093138
GAME_139,RPG,2024,9.99,152878,0.5984585736587691,24.125526675701956
GAME_140,Indie,2025,9.99,731880,0.7082863230643686,37.47067600011098
GAME_141,Indie,2025,0.0,527047,,24.284392308374066
GAME_142,Action,2023,9.99,782452,0.40197435360535777,46.659752417205695
GAME_143,RPG,2023,9.99,436165,0.675713352257215,49.919371232703455
GAME_144,RPG,2024,9.99,134554,0.5752316971083805,45.30773379150929
GAME_145,Action,2023,0.0,452282,0.9031648747982218,32.76769092317238
GAME_146,Action,2025,49.99,94501,0.8221764559882028,2.103848730162369
GAME_147,Strategy,2025,19.99,265223,0.747574035337828,21.555630095608727
GAME_148,RPG,2023,29.99,60676,0.5635867309610965,28.29553767870736
GAME_149,Action,2024,29.99,742804,0.9371000702139453,19.27358820594227
GAME_150,Action,2024,19.99,174532,0.4266093995599907,28.325934294161147
GAME_151,Indie,2022,0.0,615685,0.46458588322067795,49.32080962432055
GAME_152,Action,2025,19.99,598135,0.6310617829188101,10.250681645816183
GAME_153,Action,2024,19.99,618895,0.47341815880514526,51.74030467342832
GAME_154,RPG,2025,29.99,221178,0.9642852615600608,40.61671706104965
GAME_155,Indie,2023,19.99,150521,0.8708137000645961,33.218601699332346
GAME_156,Action,2025,0.0,427752,0.5527997644450701,21.436601331110836
GAME_157,Strategy,2023,9.99,589365,0.7472469950942148,19.512595854102894
GAME_158,Simulation,2021,9.99,704662,0.9795750038972482,
GAME_159,Action,2025,19.99,258009,0.9216773970975868,50.60118576377264
GAME_160,Simulation,2021,19.99,138717,0.7544710834008969,48.4513387208885
GAME_161,RPG,2023,9.99,382915,0.9331971406334095,13.124584457000616
GAME_162,Strategy,2025,59.99,563288,0.9836190967898818,23.368464061125582
GAME_163,Strategy,2025,19.99,552025,0.8385781655072382,35.197737230782906
GAME_164,RPG,2024,9.99,798917,0.4383419815949075,26.405890341933503
GAME_165,Action,2024,0.0,301709,0.6369323394910376,6.975902915618189
GAME_166,Simulation,2023,0.0,187240,0.8943171838171148,22.10672687333174
GAME_167,RPG,2023,9.99,577775,0.5360358255249612,53.412411576240224
GAME_168,Action,2023,0.0,275486,0.8900790854728685,22.92025691502667
GAME_169,Action,2024,0.0,303950,0.4709998696006476,28.038391959573516
GAME_170,Strategy,2024,9.99,311914,0.4276977607172097,16.25787091157543
GAME_171,Strategy,2024,0.0,79623,0.6266134607798373,37.05315582340498
GAME_172,Action,2024,49.99,366321,0.4216718430817021,31.381821588295004
GAME_173,RPG,2021,0.0,184675,0.9647894551601621,
GAME_174,Action,2023,19.99,738334,0.8874613605184398,14.3441352503109
GAME_175,Strategy,2021,19.99,631235,0.8724541154066263,
GAME_176,Action,2024,59.99,653465,0.7715689745677303,10.733479120307038
GAME_177,Strategy,2023,0.0,217454,0.5276311735915666,36.04578834707466
GAME_178,RPG,2025,9.99,110575,0.7057736163390713,4.1534490634611245
GAME_179,Indie,2023,59.99,208606,0.7523917027339012,38.48654019614859
GAME_180,Action,2022,49.99,506815,0.7097685855075582,41.64358664712073
GAME_181,RPG,2022,29.99,293822,,43.13740453967896
GAME_182,Action,2024,9.99,77218,0.7039962753456883,28.065498377161582
GAME_183,Indie,2024,0.0,588518,0.6897999411124897,49.008043266764346
GAME_184,Indie,2022,29.99,771044,0.9878381077259674,57.69350033995282
GAME_185,Action,2021,49.99,337199,0.9294873273472603,26.14052236744844
GAME_186,Strategy,2024,19.99,450589,0.6733946414472158,24.58793963844087
GAME_187,Simulation,2021,19.99,687840,0.76753305593172,31.79012712413923
GAME_188,Strategy,2025,9.99,479446,0.8412442464144148,24.267838249269516
GAME_189,RPG,2024,29.99,463052,0.4205704445379567,22.513557647878553
GAME_190,Action,2021,0.0,335402,0.9280036503244256,
GAME_191,Action,2021,9.99,40986,0.907474821686575,50.58907209607494
GAME_192,Indie,2025,19.99,680520,0.6698849376864873,39.26258394042519
GAME_193,Indie,2023,19.99,348739,0.6307901619874241,24.228646472902906
GAME_194,Strategy,2023,9.99,626646,0.5610460311652259,2.0
GAME_195,RPG,2025,0.0,473327,0.6812393287149174,11.466426076722389
GAME_196,RPG,2025,19.99,328073,0.4261822314846097,36.041148991222535
GAME_197,Simulation,2025,9.99,598794,0.9027941846747346,4.541328703334191
GAME_198,Indie,2024,19.99,35911,0.4208991973669416,33.51592232942347
GAME_199,Indie,2023,0.0,426037,0.594140305568224,17.213235301619694
GAME_200,Simulation,2021,19.99,731399,0.949637798108204,31.10166929496808
GAME_201,Strategy,2024,19.99,609746,0.8337754661688371,30.766275616009715
GAME_202,Action,2024,0.0,13175,0.5660206667407408,31.447079206688528
GAME_203,Action,2023,9.99,317915,0.5490629654369222,25.266937835057753
GAME_204,Indie,2025,0.0,500876,0.4029984624926353,24.872572492707214
GAME_205,Strategy,2022,0.0,646588,0.8104714327813526,21.350514972762735
GAME_206,Action,2023,59.99,612213,0.42878231318717214,35.80670780690268
GAME_207,Action,2021,9.99,769734,0.7142354864464496,39.66231209737138
GAME_208,Strategy,2023,29.99,67358,0.9676519638293094,15.372329729566484
GAME_209,Action,2021,9.99,411543,0.4645866274321278,29.38045833249277
GAME_210,Action,2022,29.99,48057,,32.358984881852855
GAME_211,RPG,2022,29.99,269294,,32.20525361547651
GAME_212,Strategy,2024,19.99,791857,0.4362950454811487,32.001235435158215
GAME_213,Strategy,2024,19.99,255726,0.9209146987911021,25.17558227585731
GAME_214,Action,2024,19.99,279176,0.7044866220617338,33.34836510555047
GAME_215,Simulation,2025,9.99,527486,0.9348430944723022,37.41634453180344
GAME_216,Action,2023,49.99,709754,0.7370781757325487,31.69243986987077
GAME_217,RPG,2023,29.99,168292,0.7906460859628731,36.071278038404685
GAME_218,Simulation,2025,59.99,145931,0.7208295557184656,41.88424093245008
GAME_219,Strategy,2022,0.0,444676,0.9100507993813356,7.788715705256784
GAME_220,Simulation,2025,29.99,163491,0.833006852182684,41.32156610238441
GAME_221,Strategy,2021,49.99,382009,0.7075435841864448,34.1091331826553
GAME_222,Strategy,2025,0.0,402921,0.9122148743904127,16.66049606713528
GAME_223,Action,2021,0.0,261910,0.5447184640306474,39.62965058783627
GAME_224,RPG,2025,29.99,24236,0.4928309892244903,25.22014912771246
GAME_225,Action,2024,19.99,88955,0.49463606214474254,26.856402764177364
GAME_226,Action,2025,29.99,741874,0.5970652384596904,23.907842610412054
GAME_227,Indie,2021,0.0,628433,0.5408271184676003,33.62878613085869
GAME_228,RPG,2024,29.99,671718,0.9487533068007458,20.575762289855362
GAME_229,Indie,2025,9.99,231785,0.4624421153588646,40.81769555937343
GAME_230,Strategy,2024,0.0,95914,0.8124045354433567,28.33364895366394
GAME_231,Simulation,2024,0.0,208990,0.5116407084731535,25.629570198144748
GAME_232,RPG,2024,29.99,379387,0.9201659083345066,39.034508131367645
GAME_233,Strategy,2023,29.99,539884,0.9671760200290954,26.165318852171033
GAME_234,RPG,2024,19.99,657639,0.6746273051742904,41.378121904347616
GAME_235,Action,2024,9.99,195269,0.9186521733345977,41.75511541009039
GAME_236,Simulation,2025,49.99,393417,0.40303565074528175,13.982353941372274
GAME_237,Action,2021,9.99,139155,0.883768681270779,43.311122426675084
GAME_238,Action,2023,29.99,121674,0.5348888452997049,12.455568341977372
GAME_239,Strategy,2025,19.99,782817,0.936133772468927,44.05896632259013
GAME_240,Action,2025,9.99,765757,0.4006608657732646,54.34028630676287
GAME_241,Indie,2023,19.99,257713,0.7281472236734566,40.49801325922958
GAME_242,Indie,2024,9.99,442501,0.8464151242331115,4.116232263603923
GAME_243,Indie,2023,29.99,544351,0.5526261151117657,
GAME_244,RPG,2022,19.99,68642,0.513948390106503,56.95354759123214
GAME_245,Action,2023,9.99,91093,0.44961795243611097,26.36362030802365
GAME_246,Indie,2023,49.99,508606,0.5925958101369428,29.58356015964132
GAME_247,RPG,2024,9.99,218215,0.7303081442622095,15.738159336882815
GAME_248,Indie,2021,19.99,708280,0.46834787550035206,33.74495302583603
GAME_249,Indie,2025,49.99,684889,0.6222502635722112,45.23012619051755
GAME_250,Indie,2025,19.99,36954,0.40535271874510775,
